{
  "project_info": {
    "project_number": "684887407449",
    "firebase_url": "https://cloneexp-2c958.firebaseio.com",
    "project_id": "cloneexp-2c958",
    "storage_bucket": "cloneexp-2c958.appspot.com"
  },
  "client": [
    {
      "client_info": {
        "mobilesdk_app_id": "1:684887407449:android:a3b13a061e29bd7bcb6a48",
        "android_client_info": {
          "package_name": "com.example.cloneexp"
        }
      },
      "oauth_client": [
        {
          "client_id": "684887407449-227pqclc4es0tf9645agcl7c9eq3qmk1.apps.googleusercontent.com",
          "client_type": 1,
          "android_info": {
            "package_name": "com.example.cloneexp",
            "certificate_hash": "16930150a45ef30bc581447038a007c57d687a04"
          }
        },
        {
          "client_id": "684887407449-qq7vg71mt4meu3su4iugdqa1iieid9uk.apps.googleusercontent.com",
          "client_type": 3
        }
      ],
      "api_key": [
        {
          "current_key": "AIzaSyDb3TKxoviguJwdVUFE8ZrxcwoEPefGsPI"
        }
      ],
      "services": {
        "appinvite_service": {
          "other_platform_oauth_client": [
            {
              "client_id": "684887407449-qq7vg71mt4meu3su4iugdqa1iieid9uk.apps.googleusercontent.com",
              "client_type": 3
            }
          ]
        }
      }
    }
  ],
  "configuration_version": "1"
}